recorded_at,station_id,station_name,latitude,longitude,tract_geoid,temperature_f,feels_like_f,humidity_pct,solar_radiation,wind_speed_mph,heat_index_f,uhi_offset_f
2026-10-03 00:00:00+00,KRDU_AIRPORT,Raleigh-Durham Airport (NOAA Baseline),35.8776,-78.7875,37183054106,75.5,75.5,68,0,3.5,75.5,0
2026-10-03 00:00:00+00,DOWNTOWN_CORE,Downtown Raleigh (Urban Heat Island Core),35.7796,-78.6382,37183050100,79.7,79.7,61.7,0,3.5,79.7,4.2
2026-10-03 00:00:00+00,CHAVIS_PARK_SE,Southeast Raleigh (Low Canopy / High SVI),35.7712,-78.6271,37183050600,79.3,79.3,62.3,0,3.5,79.3,3.8
2026-10-03 00:00:00+00,NORTH_HILLS,North Hills Mixed Commercial,35.8364,-78.6433,37183053709,78,78,64.3,0,3.5,78,2.5
2026-10-03 00:00:00+00,CENTENNIAL_CAMPUS,NC State Centennial Campus (Lake Raleigh),35.7688,-78.675,37183052202,74.3,74.3,69.8,0,3.5,74.3,-1.2
2026-10-03 00:00:00+00,UMSTEAD_FOREST,William B. Umstead State Park (Dense Canopy),35.89,-78.75,37183054104,71,71,74.8,0,3.5,71,-4.5
2026-10-03 01:00:00+00,KRDU_AIRPORT,Raleigh-Durham Airport (NOAA Baseline),35.8776,-78.7875,37183054106,73.7,73.7,76,0,2.3,73.7,0
2026-10-03 01:00:00+00,DOWNTOWN_CORE,Downtown Raleigh (Urban Heat Island Core),35.7796,-78.6382,37183050100,77.9,77.9,69.7,0,2.3,77.9,4.2
2026-10-03 01:00:00+00,CHAVIS_PARK_SE,Southeast Raleigh (Low Canopy / High SVI),35.7712,-78.6271,37183050600,77.5,77.5,70.3,0,2.3,77.5,3.8
2026-10-03 01:00:00+00,NORTH_HILLS,North Hills Mixed Commercial,35.8364,-78.6433,37183053709,76.2,76.2,72.3,0,2.3,76.2,2.5
2026-10-03 01:00:00+00,CENTENNIAL_CAMPUS,NC State Centennial Campus (Lake Raleigh),35.7688,-78.675,37183052202,72.5,72.5,77.8,0,2.3,72.5,-1.2
2026-10-03 01:00:00+00,UMSTEAD_FOREST,William B. Umstead State Park (Dense Canopy),35.89,-78.75,37183054104,69.2,69.2,82.8,0,2.3,69.2,-4.5
2026-10-03 02:00:00+00,KRDU_AIRPORT,Raleigh-Durham Airport (NOAA Baseline),35.8776,-78.7875,37183054106,73.1,73.1,80,0,1.6,73.1,0
2026-10-03 02:00:00+00,DOWNTOWN_CORE,Downtown Raleigh (Urban Heat Island Core),35.7796,-78.6382,37183050100,77.3,77.3,73.7,0,1.6,77.3,4.2
2026-10-03 02:00:00+00,CHAVIS_PARK_SE,Southeast Raleigh (Low Canopy / High SVI),35.7712,-78.6271,37183050600,76.9,76.9,74.3,0,1.6,76.9,3.8
2026-10-03 02:00:00+00,NORTH_HILLS,North Hills Mixed Commercial,35.8364,-78.6433,37183053709,75.6,75.6,76.3,0,1.6,75.6,2.5
2026-10-03 02:00:00+00,CENTENNIAL_CAMPUS,NC State Centennial Campus (Lake Raleigh),35.7688,-78.675,37183052202,71.9,71.9,81.8,0,1.6,71.9,-1.2
2026-10-03 02:00:00+00,UMSTEAD_FOREST,William B. Umstead State Park (Dense Canopy),35.89,-78.75,37183054104,68.6,68.6,86.8,0,1.6,68.6,-4.5
2026-10-03 03:00:00+00,KRDU_AIRPORT,Raleigh-Durham Airport (NOAA Baseline),35.8776,-78.7875,37183054106,72.6,72.6,83,0,0.7,72.6,0
2026-10-03 03:00:00+00,DOWNTOWN_CORE,Downtown Raleigh (Urban Heat Island Core),35.7796,-78.6382,37183050100,76.8,76.8,76.7,0,0.7,76.8,4.2
2026-10-03 03:00:00+00,CHAVIS_PARK_SE,Southeast Raleigh (Low Canopy / High SVI),35.7712,-78.6271,37183050600,76.4,76.4,77.3,0,0.7,76.4,3.8
2026-10-03 03:00:00+00,NORTH_HILLS,North Hills Mixed Commercial,35.8364,-78.6433,37183053709,75.1,75.1,79.3,0,0.7,75.1,2.5
2026-10-03 03:00:00+00,CENTENNIAL_CAMPUS,NC State Centennial Campus (Lake Raleigh),35.7688,-78.675,37183052202,71.4,71.4,84.8,0,0.7,71.4,-1.2
2026-10-03 03:00:00+00,UMSTEAD_FOREST,William B. Umstead State Park (Dense Canopy),35.89,-78.75,37183054104,68.1,68.1,89.8,0,0.7,68.1,-4.5
2026-10-03 04:00:00+00,KRDU_AIRPORT,Raleigh-Durham Airport (NOAA Baseline),35.8776,-78.7875,37183054106,70.7,70.7,88,0,2.1,70.7,0
2026-10-03 04:00:00+00,DOWNTOWN_CORE,Downtown Raleigh (Urban Heat Island Core),35.7796,-78.6382,37183050100,74.9,74.9,81.7,0,2.1,74.9,4.2
2026-10-03 04:00:00+00,CHAVIS_PARK_SE,Southeast Raleigh (Low Canopy / High SVI),35.7712,-78.6271,37183050600,74.5,74.5,82.3,0,2.1,74.5,3.8
2026-10-03 04:00:00+00,NORTH_HILLS,North Hills Mixed Commercial,35.8364,-78.6433,37183053709,73.2,73.2,84.3,0,2.1,73.2,2.5
2026-10-03 04:00:00+00,CENTENNIAL_CAMPUS,NC State Centennial Campus (Lake Raleigh),35.7688,-78.675,37183052202,69.5,69.5,89.8,0,2.1,69.5,-1.2
2026-10-03 04:00:00+00,UMSTEAD_FOREST,William B. Umstead State Park (Dense Canopy),35.89,-78.75,37183054104,66.2,66.2,94.8,0,2.1,66.2,-4.5
2026-10-03 05:00:00+00,KRDU_AIRPORT,Raleigh-Durham Airport (NOAA Baseline),35.8776,-78.7875,37183054106,71,71,83,0,1.3,71,0
2026-10-03 05:00:00+00,DOWNTOWN_CORE,Downtown Raleigh (Urban Heat Island Core),35.7796,-78.6382,37183050100,75.2,75.2,76.7,0,1.3,75.2,4.2
2026-10-03 05:00:00+00,CHAVIS_PARK_SE,Southeast Raleigh (Low Canopy / High SVI),35.7712,-78.6271,37183050600,74.8,74.8,77.3,0,1.3,74.8,3.8
2026-10-03 05:00:00+00,NORTH_HILLS,North Hills Mixed Commercial,35.8364,-78.6433,37183053709,73.5,73.5,79.3,0,1.3,73.5,2.5
2026-10-03 05:00:00+00,CENTENNIAL_CAMPUS,NC State Centennial Campus (Lake Raleigh),35.7688,-78.675,37183052202,69.8,69.8,84.8,0,1.3,69.8,-1.2
2026-10-03 05:00:00+00,UMSTEAD_FOREST,William B. Umstead State Park (Dense Canopy),35.89,-78.75,37183054104,66.5,66.5,89.8,0,1.3,66.5,-4.5
2026-10-03 06:00:00+00,KRDU_AIRPORT,Raleigh-Durham Airport (NOAA Baseline),35.8776,-78.7875,37183054106,69.4,69.4,86,0,0.6,69.4,0
2026-10-03 06:00:00+00,DOWNTOWN_CORE,Downtown Raleigh (Urban Heat Island Core),35.7796,-78.6382,37183050100,73.6,73.6,79.7,0,0.6,73.6,4.2
2026-10-03 06:00:00+00,CHAVIS_PARK_SE,Southeast Raleigh (Low Canopy / High SVI),35.7712,-78.6271,37183050600,73.2,73.2,80.3,0,0.6,73.2,3.8
2026-10-03 06:00:00+00,NORTH_HILLS,North Hills Mixed Commercial,35.8364,-78.6433,37183053709,71.9,71.9,82.3,0,0.6,71.9,2.5
2026-10-03 06:00:00+00,CENTENNIAL_CAMPUS,NC State Centennial Campus (Lake Raleigh),35.7688,-78.675,37183052202,68.2,68.2,87.8,0,0.6,68.2,-1.2
2026-10-03 06:00:00+00,UMSTEAD_FOREST,William B. Umstead State Park (Dense Canopy),35.89,-78.75,37183054104,64.9,64.9,92.8,0,0.6,64.9,-4.5
2026-10-03 07:00:00+00,KRDU_AIRPORT,Raleigh-Durham Airport (NOAA Baseline),35.8776,-78.7875,37183054106,68.1,68.1,95,0,1.7,68.1,0
2026-10-03 07:00:00+00,DOWNTOWN_CORE,Downtown Raleigh (Urban Heat Island Core),35.7796,-78.6382,37183050100,72.3,72.3,88.7,0,1.7,72.3,4.2
2026-10-03 07:00:00+00,CHAVIS_PARK_SE,Southeast Raleigh (Low Canopy / High SVI),35.7712,-78.6271,37183050600,71.9,71.9,89.3,0,1.7,71.9,3.8
2026-10-03 07:00:00+00,NORTH_HILLS,North Hills Mixed Commercial,35.8364,-78.6433,37183053709,70.6,70.6,91.3,0,1.7,70.6,2.5
2026-10-03 07:00:00+00,CENTENNIAL_CAMPUS,NC State Centennial Campus (Lake Raleigh),35.7688,-78.675,37183052202,66.9,66.9,96.8,0,1.7,66.9,-1.2
2026-10-03 07:00:00+00,UMSTEAD_FOREST,William B. Umstead State Park (Dense Canopy),35.89,-78.75,37183054104,63.6,63.6,100,0,1.7,63.6,-4.5
2026-10-03 08:00:00+00,KRDU_AIRPORT,Raleigh-Durham Airport (NOAA Baseline),35.8776,-78.7875,37183054106,69,69,98,14.5,1.4,69,0
2026-10-03 08:00:00+00,DOWNTOWN_CORE,Downtown Raleigh (Urban Heat Island Core),35.7796,-78.6382,37183050100,73.2,73.2,91.7,14.5,1.4,73.2,4.2
2026-10-03 08:00:00+00,CHAVIS_PARK_SE,Southeast Raleigh (Low Canopy / High SVI),35.7712,-78.6271,37183050600,72.8,72.8,92.3,14.5,1.4,72.8,3.8
2026-10-03 08:00:00+00,NORTH_HILLS,North Hills Mixed Commercial,35.8364,-78.6433,37183053709,71.5,71.5,94.3,14.5,1.4,71.5,2.5
2026-10-03 08:00:00+00,CENTENNIAL_CAMPUS,NC State Centennial Campus (Lake Raleigh),35.7688,-78.675,37183052202,67.8,67.8,99.8,14.5,1.4,67.8,-1.2
2026-10-03 08:00:00+00,UMSTEAD_FOREST,William B. Umstead State Park (Dense Canopy),35.89,-78.75,37183054104,64.5,64.5,100,14.5,1.4,64.5,-4.5
2026-10-03 09:00:00+00,KRDU_AIRPORT,Raleigh-Durham Airport (NOAA Baseline),35.8776,-78.7875,37183054106,72.8,72.8,84,106.5,5.6,72.8,0
2026-10-03 09:00:00+00,DOWNTOWN_CORE,Downtown Raleigh (Urban Heat Island Core),35.7796,-78.6382,37183050100,77,77,77.7,106.5,5.6,77,4.2
2026-10-03 09:00:00+00,CHAVIS_PARK_SE,Southeast Raleigh (Low Canopy / High SVI),35.7712,-78.6271,37183050600,76.6,76.6,78.3,106.5,5.6,76.6,3.8
2026-10-03 09:00:00+00,NORTH_HILLS,North Hills Mixed Commercial,35.8364,-78.6433,37183053709,75.3,75.3,80.3,106.5,5.6,75.3,2.5
2026-10-03 09:00:00+00,CENTENNIAL_CAMPUS,NC State Centennial Campus (Lake Raleigh),35.7688,-78.675,37183052202,71.6,71.6,85.8,106.5,5.6,71.6,-1.2
2026-10-03 09:00:00+00,UMSTEAD_FOREST,William B. Umstead State Park (Dense Canopy),35.89,-78.75,37183054104,68.3,68.3,90.8,106.5,5.6,68.3,-4.5
2026-10-03 10:00:00+00,KRDU_AIRPORT,Raleigh-Durham Airport (NOAA Baseline),35.8776,-78.7875,37183054106,75.5,75.5,83,252,2.9,75.5,0
2026-10-03 10:00:00+00,DOWNTOWN_CORE,Downtown Raleigh (Urban Heat Island Core),35.7796,-78.6382,37183050100,79.7,79.7,76.7,252,2.9,79.7,4.2
2026-10-03 10:00:00+00,CHAVIS_PARK_SE,Southeast Raleigh (Low Canopy / High SVI),35.7712,-78.6271,37183050600,79.3,79.3,77.3,252,2.9,79.3,3.8
2026-10-03 10:00:00+00,NORTH_HILLS,North Hills Mixed Commercial,35.8364,-78.6433,37183053709,78,78,79.3,252,2.9,78,2.5
2026-10-03 10:00:00+00,CENTENNIAL_CAMPUS,NC State Centennial Campus (Lake Raleigh),35.7688,-78.675,37183052202,74.3,74.3,84.8,252,2.9,74.3,-1.2
2026-10-03 10:00:00+00,UMSTEAD_FOREST,William B. Umstead State Park (Dense Canopy),35.89,-78.75,37183054104,71,71,89.8,252,2.9,71,-4.5
2026-10-03 11:00:00+00,KRDU_AIRPORT,Raleigh-Durham Airport (NOAA Baseline),35.8776,-78.7875,37183054106,77.5,77.5,80,273,5.5,77.5,0
2026-10-03 11:00:00+00,DOWNTOWN_CORE,Downtown Raleigh (Urban Heat Island Core),35.7796,-78.6382,37183050100,81.7,86.7,73.7,273,5.5,86.7,4.2
2026-10-03 11:00:00+00,CHAVIS_PARK_SE,Southeast Raleigh (Low Canopy / High SVI),35.7712,-78.6271,37183050600,81.3,86,74.3,273,5.5,86,3.8
2026-10-03 11:00:00+00,NORTH_HILLS,North Hills Mixed Commercial,35.8364,-78.6433,37183053709,80,83.7,76.3,273,5.5,83.7,2.5
2026-10-03 11:00:00+00,CENTENNIAL_CAMPUS,NC State Centennial Campus (Lake Raleigh),35.7688,-78.675,37183052202,76.3,76.3,81.8,273,5.5,76.3,-1.2
2026-10-03 11:00:00+00,UMSTEAD_FOREST,William B. Umstead State Park (Dense Canopy),35.89,-78.75,37183054104,73,73,86.8,273,5.5,73,-4.5
2026-10-03 12:00:00+00,KRDU_AIRPORT,Raleigh-Durham Airport (NOAA Baseline),35.8776,-78.7875,37183054106,76.9,76.9,75,0.5,4.8,76.9,0
2026-10-03 12:00:00+00,DOWNTOWN_CORE,Downtown Raleigh (Urban Heat Island Core),35.7796,-78.6382,37183050100,81.1,84.6,68.7,0.5,4.8,84.6,4.2
2026-10-03 12:00:00+00,CHAVIS_PARK_SE,Southeast Raleigh (Low Canopy / High SVI),35.7712,-78.6271,37183050600,80.7,84,69.3,0.5,4.8,84,3.8
2026-10-03 12:00:00+00,NORTH_HILLS,North Hills Mixed Commercial,35.8364,-78.6433,37183053709,79.4,79.4,71.3,0.5,4.8,79.4,2.5
2026-10-03 12:00:00+00,CENTENNIAL_CAMPUS,NC State Centennial Campus (Lake Raleigh),35.7688,-78.675,37183052202,75.7,75.7,76.8,0.5,4.8,75.7,-1.2
2026-10-03 12:00:00+00,UMSTEAD_FOREST,William B. Umstead State Park (Dense Canopy),35.89,-78.75,37183054104,72.4,72.4,81.8,0.5,4.8,72.4,-4.5
2026-10-03 13:00:00+00,KRDU_AIRPORT,Raleigh-Durham Airport (NOAA Baseline),35.8776,-78.7875,37183054106,73.6,73.6,84,0.3,5.5,73.6,0
2026-10-03 13:00:00+00,DOWNTOWN_CORE,Downtown Raleigh (Urban Heat Island Core),35.7796,-78.6382,37183050100,77.8,77.8,77.7,0.3,5.5,77.8,4.2
2026-10-03 13:00:00+00,CHAVIS_PARK_SE,Southeast Raleigh (Low Canopy / High SVI),35.7712,-78.6271,37183050600,77.4,77.4,78.3,0.3,5.5,77.4,3.8
2026-10-03 13:00:00+00,NORTH_HILLS,North Hills Mixed Commercial,35.8364,-78.6433,37183053709,76.1,76.1,80.3,0.3,5.5,76.1,2.5
2026-10-03 13:00:00+00,CENTENNIAL_CAMPUS,NC State Centennial Campus (Lake Raleigh),35.7688,-78.675,37183052202,72.4,72.4,85.8,0.3,5.5,72.4,-1.2
2026-10-03 13:00:00+00,UMSTEAD_FOREST,William B. Umstead State Park (Dense Canopy),35.89,-78.75,37183054104,69.1,69.1,90.8,0.3,5.5,69.1,-4.5
2026-10-03 14:00:00+00,KRDU_AIRPORT,Raleigh-Durham Airport (NOAA Baseline),35.8776,-78.7875,37183054106,72.4,72.4,95,0,8,72.4,0
2026-10-03 14:00:00+00,DOWNTOWN_CORE,Downtown Raleigh (Urban Heat Island Core),35.7796,-78.6382,37183050100,76.6,76.6,88.7,0,8,76.6,4.2
2026-10-03 14:00:00+00,CHAVIS_PARK_SE,Southeast Raleigh (Low Canopy / High SVI),35.7712,-78.6271,37183050600,76.2,76.2,89.3,0,8,76.2,3.8
2026-10-03 14:00:00+00,NORTH_HILLS,North Hills Mixed Commercial,35.8364,-78.6433,37183053709,74.9,74.9,91.3,0,8,74.9,2.5
2026-10-03 14:00:00+00,CENTENNIAL_CAMPUS,NC State Centennial Campus (Lake Raleigh),35.7688,-78.675,37183052202,71.2,71.2,96.8,0,8,71.2,-1.2
2026-10-03 14:00:00+00,UMSTEAD_FOREST,William B. Umstead State Park (Dense Canopy),35.89,-78.75,37183054104,67.9,67.9,100,0,8,67.9,-4.5
2026-10-03 15:00:00+00,KRDU_AIRPORT,Raleigh-Durham Airport (NOAA Baseline),35.8776,-78.7875,37183054106,71,71,96,0,8.8,71,0
2026-10-03 15:00:00+00,DOWNTOWN_CORE,Downtown Raleigh (Urban Heat Island Core),35.7796,-78.6382,37183050100,75.2,75.2,89.7,0,8.8,75.2,4.2
2026-10-03 15:00:00+00,CHAVIS_PARK_SE,Southeast Raleigh (Low Canopy / High SVI),35.7712,-78.6271,37183050600,74.8,74.8,90.3,0,8.8,74.8,3.8
2026-10-03 15:00:00+00,NORTH_HILLS,North Hills Mixed Commercial,35.8364,-78.6433,37183053709,73.5,73.5,92.3,0,8.8,73.5,2.5
2026-10-03 15:00:00+00,CENTENNIAL_CAMPUS,NC State Centennial Campus (Lake Raleigh),35.7688,-78.675,37183052202,69.8,69.8,97.8,0,8.8,69.8,-1.2
2026-10-03 15:00:00+00,UMSTEAD_FOREST,William B. Umstead State Park (Dense Canopy),35.89,-78.75,37183054104,66.5,66.5,100,0,8.8,66.5,-4.5
2026-10-03 16:00:00+00,KRDU_AIRPORT,Raleigh-Durham Airport (NOAA Baseline),35.8776,-78.7875,37183054106,68.8,68.8,95,0,9.9,68.8,0
2026-10-03 16:00:00+00,DOWNTOWN_CORE,Downtown Raleigh (Urban Heat Island Core),35.7796,-78.6382,37183050100,73,73,88.7,0,9.9,73,4.2
2026-10-03 16:00:00+00,CHAVIS_PARK_SE,Southeast Raleigh (Low Canopy / High SVI),35.7712,-78.6271,37183050600,72.6,72.6,89.3,0,9.9,72.6,3.8
2026-10-03 16:00:00+00,NORTH_HILLS,North Hills Mixed Commercial,35.8364,-78.6433,37183053709,71.3,71.3,91.3,0,9.9,71.3,2.5